display_name,position,week,season,team,opp,game_location,spread_line,total_line,gsis_id,proj_team_score,Projection,salary,opp_Rank,Value,ProjectedOwnership,optimal_exposure,PotentialLeverage,last_update
Philip Rivers,QB,15,2025,IND,SEA,away,13.50,41.50,00-0022942,14.00,10.42,4900,10.00,2.23,0.10,0.14,0.04,2025-12-14T06:24:28Z
Aaron Rodgers,QB,15,2025,PIT,MIA,home,-3.00,42.50,00-0023459,22.75,15.73,,22.00,,,,,2025-12-14T06:24:28Z
Matthew Stafford,QB,15,2025,LA,DET,home,-6.00,54.50,00-0026498,30.25,19.53,7000,26.00,2.84,8.74,3.67,-5.06,2025-12-14T06:24:28Z
Kirk Cousins,QB,15,2025,ATL,TB,away,6.00,43.50,00-0029604,18.75,13.28,,30.00,,,,,2025-12-14T06:24:28Z
Marcus Mariota,QB,15,2025,WAS,NYG,away,2.50,46.50,00-0032268,22.00,18.27,5000,29.00,3.59,8.30,5.91,-2.39,2025-12-14T06:24:28Z
Dak Prescott,QB,15,2025,DAL,MIN,home,-5.50,47.50,00-0033077,26.50,19.31,,3.00,,,,,2025-12-14T06:24:28Z
Jared Goff,QB,15,2025,DET,LA,away,6.00,54.50,00-0033106,24.25,16.64,6100,11.00,2.78,5.72,2.33,-3.39,2025-12-14T06:24:28Z
Jacoby Brissett,QB,15,2025,ARI,HOU,away,10.50,42.50,00-0033119,16.00,15.08,5500,1.00,2.73,1.74,2.44,0.70,2025-12-14T06:24:28Z
Patrick Mahomes II,QB,15,2025,KC,LAC,home,-6.00,41.50,00-0033873,23.75,19.08,6500,2.00,2.95,3.74,4.49,0.75,2025-12-14T06:24:28Z
Lamar Jackson,QB,15,2025,BAL,CIN,away,-3.00,51.50,00-0034796,27.25,20.46,6400,31.00,3.04,10.95,7.58,-3.37,2025-12-14T06:24:28Z
Baker Mayfield,QB,15,2025,TB,ATL,home,-6.00,43.50,00-0034855,24.75,17.40,,19.00,,,,,2025-12-14T06:24:28Z
Josh Allen,QB,15,2025,BUF,NE,away,-1.50,48.50,00-0034857,25.00,21.86,7500,18.00,2.82,5.06,7.04,1.98,2025-12-14T06:24:28Z
Sam Darnold,QB,15,2025,SEA,IND,home,-13.50,41.50,00-0034869,27.50,16.38,5800,17.00,2.96,5.90,2.67,-3.23,2025-12-14T06:24:28Z
Tua Tagovailoa,QB,15,2025,MIA,PIT,away,3.00,42.50,00-0036212,19.75,12.64,,27.00,,,,,2025-12-14T06:24:28Z
Jordan Love,QB,15,2025,GB,DEN,away,-1.50,42.50,00-0036264,22.00,15.36,5400,6.00,2.82,2.28,2.59,0.31,2025-12-14T06:24:28Z
Justin Herbert,QB,15,2025,LAC,KC,away,6.00,41.50,00-0036355,17.75,16.43,6300,15.00,2.61,1.27,2.04,0.77,2025-12-14T06:24:28Z
Jalen Hurts,QB,15,2025,PHI,LV,home,-12.50,38.50,00-0036389,25.50,20.53,6800,16.00,2.93,6.82,6.31,-0.50,2025-12-14T06:24:28Z
Joe Burrow,QB,15,2025,CIN,BAL,home,3.00,51.50,00-0036442,24.25,18.79,6600,20.00,2.70,6.55,5.65,-0.90,2025-12-14T06:24:28Z
Trevor Lawrence,QB,15,2025,JAX,NYJ,home,-13.50,41.50,00-0036971,27.50,17.68,5700,13.00,3.26,9.00,4.33,-4.67,2025-12-14T06:24:28Z
Brock Purdy,QB,15,2025,SF,TEN,home,-12.50,44.50,00-0037834,28.50,20.06,6200,24.00,3.18,9.64,7.35,-2.30,2025-12-14T06:24:28Z
Kenny Pickett,QB,15,2025,LV,PHI,away,12.50,38.50,00-0038102,13.00,12.28,4500,14.00,2.81,0.49,1.11,0.62,2025-12-14T06:24:28Z
Bryce Young,QB,15,2025,CAR,NO,away,-2.50,40.50,00-0039150,21.50,14.39,5100,9.00,2.90,1.73,1.70,-0.03,2025-12-14T06:24:28Z
C.J. Stroud,QB,15,2025,HOU,ARI,home,-10.50,42.50,00-0039163,26.50,17.40,5200,12.00,3.60,9.02,4.17,-4.85,2025-12-14T06:24:28Z
Bo Nix,QB,15,2025,DEN,GB,home,1.50,42.50,00-0039732,20.50,16.19,5900,7.00,2.79,1.38,2.76,1.38,2025-12-14T06:24:28Z
Drake Maye,QB,15,2025,NE,BUF,home,1.50,48.50,00-0039851,23.50,20.29,6700,5.00,2.84,4.38,6.99,2.61,2025-12-14T06:24:28Z
Caleb Williams,QB,15,2025,CHI,CLE,home,-7.50,38.50,00-0039918,23.00,16.39,5300,4.00,3.05,2.69,3.26,0.57,2025-12-14T06:24:28Z
J.J. McCarthy,QB,15,2025,MIN,DAL,away,5.50,47.50,00-0039923,21.00,16.18,,32.00,,,,,2025-12-14T06:24:28Z
Brady Cook,QB,15,2025,NYJ,JAX,away,13.50,41.50,00-0040398,14.00,11.68,4300,23.00,2.60,0.80,0.98,0.18,2025-12-14T06:24:28Z
Shedeur Sanders,QB,15,2025,CLE,CHI,away,7.50,38.50,00-0040668,15.50,12.87,4700,25.00,2.72,0.66,1.71,1.04,2025-12-14T06:24:28Z
Cam Ward,QB,15,2025,TEN,SF,away,12.50,44.50,00-0040676,16.00,12.80,4600,21.00,2.91,1.42,0.86,-0.56,2025-12-14T06:24:28Z
Jaxson Dart,QB,15,2025,NYG,WAS,home,-2.50,46.50,00-0040691,24.50,19.80,5600,28.00,3.38,11.71,8.81,-2.90,2025-12-14T06:24:28Z
Tyler Shough,QB,15,2025,NO,CAR,home,2.50,40.50,00-0040743,19.00,15.92,4900,8.00,3.21,1.80,3.11,1.32,2025-12-14T06:24:28Z
Kyle Juszczyk,RB,15,2025,SF,TEN,home,-12.50,44.50,00-0029892,28.50,3.72,4000,22.00,0.96,0.24,0.04,-0.19,2025-12-14T06:24:28Z
Raheem Mostert,RB,15,2025,LV,PHI,away,12.50,38.50,00-0031687,13.00,2.94,4300,24.00,0.60,0.43,0.04,-0.39,2025-12-14T06:24:28Z
Ameer Abdullah,RB,15,2025,IND,SEA,away,13.50,41.50,00-0032104,14.00,2.52,4000,6.00,0.64,0.06,0.02,-0.04,2025-12-14T06:24:28Z
Derrick Henry,RB,15,2025,BAL,CIN,away,-3.00,51.50,00-0032764,27.25,16.21,7300,32.00,2.19,13.58,10.49,-3.09,2025-12-14T06:24:28Z
Christian McCaffrey,RB,15,2025,SF,TEN,home,-12.50,44.50,00-0033280,28.50,25.14,9000,22.00,2.48,23.61,23.60,-0.01,2025-12-14T06:24:28Z
Aaron Jones Sr.,RB,15,2025,MIN,DAL,away,5.50,47.50,00-0033293,21.00,11.06,,29.00,,,,,2025-12-14T06:24:28Z
Samaje Perine,RB,15,2025,CIN,BAL,home,3.00,51.50,00-0033526,24.25,6.19,,20.00,,1.00,0.52,-0.48,2025-12-14T06:24:28Z
Dare Ogunbowale,RB,15,2025,HOU,ARI,home,-10.50,42.50,00-0033854,26.50,2.75,4000,28.00,0.78,0.82,0.02,-0.80,2025-12-14T06:24:28Z
Kareem Hunt,RB,15,2025,KC,LAC,home,-6.00,41.50,00-0033923,23.75,10.54,5400,14.00,1.73,1.44,4.42,2.98,2025-12-14T06:24:28Z
Jeremy McNichols,RB,15,2025,WAS,NYG,away,2.50,46.50,00-0033955,22.00,5.59,4100,31.00,1.15,0.16,1.38,1.21,2025-12-14T06:24:28Z
Nick Chubb,RB,15,2025,HOU,ARI,home,-10.50,42.50,00-0034791,26.50,3.49,4600,28.00,0.67,0.32,0.11,-0.21,2025-12-14T06:24:28Z
Saquon Barkley,RB,15,2025,PHI,LV,home,-12.50,38.50,00-0034844,25.50,16.53,7100,23.00,2.41,16.04,8.36,-7.68,2025-12-14T06:24:28Z
Andrew Beck,RB,15,2025,NYJ,JAX,away,13.50,41.50,00-0034959,14.00,1.24,4000,5.00,0.32,0.04,,,2025-12-14T06:24:28Z
Devin Singletary,RB,15,2025,NYG,WAS,home,-2.50,46.50,00-0035250,24.50,8.99,5000,27.00,1.74,1.22,2.44,1.21,2025-12-14T06:24:28Z
Tony Pollard,RB,15,2025,TEN,SF,away,12.50,44.50,00-0035261,16.00,10.41,5200,16.00,2.06,4.08,2.19,-1.90,2025-12-14T06:24:28Z
Trayveon Williams,RB,15,2025,CLE,CHI,away,7.50,38.50,00-0035291,15.50,0.86,4000,7.00,0.28,0.02,,,2025-12-14T06:24:28Z
Ty Johnson,RB,15,2025,BUF,NE,away,-1.50,48.50,00-0035537,25.00,5.83,4500,3.00,1.18,0.16,1.04,0.88,2025-12-14T06:24:28Z
D'Ernest Johnson,RB,15,2025,NE,BUF,home,1.50,48.50,00-0035628,23.50,0.14,4000,26.00,0.02,0.00,,,2025-12-14T06:24:28Z
David Montgomery,RB,15,2025,DET,LA,away,6.00,54.50,00-0035685,24.25,9.09,5000,4.00,1.60,0.80,2.82,2.02,2025-12-14T06:24:28Z
Josh Jacobs,RB,15,2025,GB,DEN,away,-1.50,42.50,00-0035700,22.00,15.86,6900,2.00,2.08,5.29,9.51,4.22,2025-12-14T06:24:28Z
Rico Dowdle,RB,15,2025,CAR,NO,away,-2.50,40.50,00-0036139,21.50,12.22,6600,18.00,1.86,2.73,3.61,0.88,2025-12-14T06:24:28Z
Jonathan Taylor,RB,15,2025,IND,SEA,away,13.50,41.50,00-0036223,14.00,17.17,8500,6.00,1.87,4.36,7.74,3.38,2025-12-14T06:24:28Z
D'Andre Swift,RB,15,2025,CHI,CLE,home,-7.50,38.50,00-0036275,23.00,12.35,5700,13.00,2.09,4.42,4.93,0.50,2025-12-14T06:24:28Z
Chuba Hubbard,RB,15,2025,CAR,NO,away,-2.50,40.50,00-0036555,21.50,10.02,4600,18.00,2.17,4.47,3.44,-1.03,2025-12-14T06:24:28Z
Rhamondre Stevenson,RB,15,2025,NE,BUF,home,1.50,48.50,00-0036875,23.50,9.04,5100,26.00,1.64,1.71,2.48,0.77,2025-12-14T06:24:28Z
Kenneth Gainwell,RB,15,2025,PIT,MIA,home,-3.00,42.50,00-0036919,22.75,11.72,,17.00,,,,,2025-12-14T06:24:28Z
Michael Carter,RB,15,2025,ARI,HOU,away,10.50,42.50,00-0036924,16.00,5.02,4200,8.00,1.33,0.14,0.34,0.20,2025-12-14T06:24:28Z
Travis Etienne Jr.,RB,15,2025,JAX,NYJ,home,-13.50,41.50,00-0036973,27.50,14.66,6500,30.00,2.20,15.90,7.98,-7.92,2025-12-14T06:24:28Z
Javonte Williams,RB,15,2025,DAL,MIN,home,-5.50,47.50,00-0036997,26.50,14.87,,11.00,,,,,2025-12-14T06:24:28Z
Tyler Badie,RB,15,2025,DEN,GB,home,1.50,42.50,00-0037085,20.50,2.71,4000,9.00,0.82,0.04,0.04,0.00,2025-12-14T06:24:28Z
Tyler Goodson,RB,15,2025,IND,SEA,away,13.50,41.50,00-0037120,14.00,0.28,4000,6.00,0.08,0.01,0.01,0.00,2025-12-14T06:24:28Z
Zonovan Knight,RB,15,2025,ARI,HOU,away,10.50,42.50,00-0037157,16.00,9.69,4900,8.00,1.90,1.78,3.24,1.46,2025-12-14T06:24:28Z
Isiah Pacheco,RB,15,2025,KC,LAC,home,-6.00,41.50,00-0037197,23.75,6.08,4700,14.00,1.34,0.62,0.59,-0.04,2025-12-14T06:24:28Z
Jaylen Warren,RB,15,2025,PIT,MIA,home,-3.00,42.50,00-0037228,22.75,13.45,,17.00,,,,,2025-12-14T06:24:28Z
James Cook III,RB,15,2025,BUF,NE,away,-1.50,48.50,00-0037248,25.00,16.51,8000,3.00,1.87,5.82,9.34,3.52,2025-12-14T06:24:28Z
Rachaad White,RB,15,2025,TB,ATL,home,-6.00,43.50,00-0037256,24.75,7.12,,19.00,,,,,2025-12-14T06:24:28Z
Tyler Allgeier,RB,15,2025,ATL,TB,away,6.00,43.50,00-0037263,18.75,7.49,,21.00,,,,,2025-12-14T06:24:28Z
Jordan Mason,RB,15,2025,MIN,DAL,away,5.50,47.50,00-0037525,21.00,7.53,,29.00,,,,,2025-12-14T06:24:28Z
Malik Davis,RB,15,2025,DAL,MIN,home,-5.50,47.50,00-0037563,26.50,2.67,,11.00,,,,,2025-12-14T06:24:28Z
Hassan Haskins,RB,15,2025,LAC,KC,away,6.00,41.50,00-0037617,17.75,0.13,4000,7.00,0.09,0.00,,,2025-12-14T06:24:28Z
Velus Jones Jr.,RB,15,2025,SEA,IND,home,-13.50,41.50,00-0037745,27.50,0.00,4000,12.00,0.02,0.01,,,2025-12-14T06:24:28Z
Brian Robinson Jr.,RB,15,2025,SF,TEN,home,-12.50,44.50,00-0037746,28.50,4.93,4500,22.00,1.27,0.22,0.36,0.13,2025-12-14T06:24:28Z
Kyren Williams,RB,15,2025,LA,DET,home,-6.00,54.50,00-0037840,30.25,13.76,6800,1.00,1.85,4.00,5.82,1.82,2025-12-14T06:24:28Z
Breece Hall,RB,15,2025,NYJ,JAX,away,13.50,41.50,00-0038120,14.00,13.50,6200,5.00,2.20,5.81,5.82,0.01,2025-12-14T06:24:28Z
Kenneth Walker III,RB,15,2025,SEA,IND,home,-13.50,41.50,00-0038134,27.50,13.21,5600,12.00,2.39,11.62,6.74,-4.88,2025-12-14T06:24:28Z
Eric Gray,RB,15,2025,NYG,WAS,home,-2.50,46.50,00-0038396,24.50,0.40,4000,27.00,0.09,0.01,,,2025-12-14T06:24:28Z
Evan Hull,RB,15,2025,NO,CAR,home,2.50,40.50,00-0038397,19.00,3.20,4000,25.00,0.80,0.11,0.01,-0.10,2025-12-14T06:24:28Z
Zavier Scott,RB,15,2025,MIN,DAL,away,5.50,47.50,00-0038440,21.00,0.73,,29.00,,,,,2025-12-14T06:24:28Z
Keaton Mitchell,RB,15,2025,BAL,CIN,away,-3.00,51.50,00-0038454,27.25,4.92,4300,32.00,1.18,0.51,0.13,-0.38,2025-12-14T06:24:28Z
Bijan Robinson,RB,15,2025,ATL,TB,away,6.00,43.50,00-0038542,18.75,20.84,,21.00,,,,,2025-12-14T06:24:28Z
Tank Bigsby,RB,15,2025,PHI,LV,home,-12.50,38.50,00-0038555,25.50,1.69,4600,23.00,0.31,0.09,0.02,-0.07,2025-12-14T06:24:28Z
Chase Brown,RB,15,2025,CIN,BAL,home,3.00,51.50,00-0038597,24.25,15.36,6700,20.00,2.07,6.68,9.21,2.53,2025-12-14T06:24:28Z
Chris Rodriguez Jr.,RB,15,2025,WAS,NYG,away,2.50,46.50,00-0038611,22.00,9.21,4900,31.00,1.78,4.77,3.53,-1.24,2025-12-14T06:24:28Z
Chris Brooks,RB,15,2025,GB,DEN,away,-1.50,42.50,00-0038685,22.00,1.39,4000,2.00,0.50,0.02,,,2025-12-14T06:24:28Z
Emari Demercado,RB,15,2025,ARI,HOU,away,10.50,42.50,00-0038705,16.00,5.70,4400,8.00,1.44,5.73,0.33,-5.40,2025-12-14T06:24:28Z
Jaleel McLaughlin,RB,15,2025,DEN,GB,home,1.50,42.50,00-0038794,20.50,4.39,4000,9.00,1.11,0.03,0.07,0.04,2025-12-14T06:24:28Z
Emanuel Wilson,RB,15,2025,GB,DEN,away,-1.50,42.50,00-0038797,22.00,5.15,4400,2.00,1.11,0.06,0.27,0.21,2025-12-14T06:24:28Z
Sean Tucker,RB,15,2025,TB,ATL,home,-6.00,43.50,00-0038951,24.75,2.25,,19.00,,,,,2025-12-14T06:24:28Z
Tyjae Spears,RB,15,2025,TEN,SF,away,12.50,44.50,00-0039032,16.00,9.30,4700,16.00,2.10,4.34,1.56,-2.78,2025-12-14T06:24:28Z
De'Von Achane,RB,15,2025,MIA,PIT,away,3.00,42.50,00-0039040,19.75,21.23,,10.00,,,,,2025-12-14T06:24:28Z
Jahmyr Gibbs,RB,15,2025,DET,LA,away,6.00,54.50,00-0039139,24.25,20.98,8800,4.00,2.29,16.50,13.60,-2.90,2025-12-14T06:24:28Z
Zach Charbonnet,RB,15,2025,SEA,IND,home,-13.50,41.50,00-0039165,27.50,8.90,5100,12.00,1.58,1.13,2.42,1.29,2025-12-14T06:24:28Z
Bucky Irving,RB,15,2025,TB,ATL,home,-6.00,43.50,00-0039361,24.75,15.39,,19.00,,,,,2025-12-14T06:24:28Z
Sione Vaki,RB,15,2025,DET,LA,away,6.00,54.50,00-0039364,24.25,0.22,4000,4.00,0.03,0.02,,,2025-12-14T06:24:28Z
Audric Estime,RB,15,2025,NO,CAR,home,2.50,40.50,00-0039373,19.00,2.40,4000,25.00,0.46,0.02,0.01,-0.01,2025-12-14T06:24:28Z
Tyrone Tracy Jr.,RB,15,2025,NYG,WAS,home,-2.50,46.50,00-0039384,24.50,11.56,5500,27.00,2.27,8.75,3.34,-5.41,2025-12-14T06:24:28Z
Kimani Vidal,RB,15,2025,LAC,KC,away,6.00,41.50,00-0039391,17.75,8.13,5700,7.00,1.44,0.38,0.95,0.57,2025-12-14T06:24:28Z
Dylan Laube,RB,15,2025,LV,PHI,away,12.50,38.50,00-0039407,13.00,0.51,4000,24.00,0.20,0.03,,,2025-12-14T06:24:28Z
Blake Corum,RB,15,2025,LA,DET,home,-6.00,54.50,00-0039738,30.25,6.53,4800,1.00,1.45,1.29,0.72,-0.57,2025-12-14T06:24:28Z
Will Shipley,RB,15,2025,PHI,LV,home,-12.50,38.50,00-0039746,25.50,1.18,4100,23.00,0.40,0.17,,,2025-12-14T06:24:28Z
Rasheen Ali,RB,15,2025,BAL,CIN,away,-3.00,51.50,00-0039796,27.25,2.00,4000,32.00,0.82,0.08,,,2025-12-14T06:24:28Z
Isaiah Davis,RB,15,2025,NYJ,JAX,away,13.50,41.50,00-0039798,14.00,3.65,4000,5.00,0.92,0.10,0.09,-0.01,2025-12-14T06:24:28Z
Jaylen Wright,RB,15,2025,MIA,PIT,away,3.00,42.50,00-0039874,19.75,2.89,,10.00,,,,,2025-12-14T06:24:28Z
Ray Davis,RB,15,2025,BUF,NE,away,-1.50,48.50,00-0039875,25.00,2.10,4000,3.00,0.40,0.04,0.07,0.02,2025-12-14T06:24:28Z
Phil Mafah,RB,15,2025,DAL,MIN,home,-5.50,47.50,00-0040021,26.50,1.71,,11.00,,,,,2025-12-14T06:24:28Z
Brashard Smith,RB,15,2025,KC,LAC,home,-6.00,41.50,00-0040078,23.75,2.47,4000,14.00,1.00,0.09,,,2025-12-14T06:24:28Z
Ashton Jeanty,RB,15,2025,LV,PHI,away,12.50,38.50,00-0040122,13.00,14.04,5800,24.00,2.31,13.90,7.34,-6.56,2025-12-14T06:24:28Z
Kaleb Johnson,RB,15,2025,PIT,MIA,home,-3.00,42.50,00-0040142,22.75,1.68,,17.00,,,,,2025-12-14T06:24:28Z
Ollie Gordon II,RB,15,2025,MIA,PIT,away,3.00,42.50,00-0040198,19.75,2.34,,10.00,,,,,2025-12-14T06:24:28Z
Devin Neal,RB,15,2025,NO,CAR,home,2.50,40.50,00-0040202,19.00,12.78,5300,25.00,2.33,8.20,6.55,-1.64,2025-12-14T06:24:28Z
Kalel Mullings,RB,15,2025,TEN,SF,away,12.50,44.50,00-0040205,16.00,1.07,4000,16.00,0.15,0.02,0.01,-0.01,2025-12-14T06:24:28Z
Tahj Brooks,RB,15,2025,CIN,BAL,home,3.00,51.50,00-0040208,24.25,0.42,4000,20.00,0.09,0.01,,,2025-12-14T06:24:28Z
Kyle Monangai,RB,15,2025,CHI,CLE,home,-7.50,38.50,00-0040236,23.00,8.92,5200,13.00,1.72,1.86,2.17,0.31,2025-12-14T06:24:28Z
LeQuint Allen Jr.,RB,15,2025,JAX,NYJ,home,-13.50,41.50,00-0040238,27.50,1.51,4000,30.00,0.48,0.21,,,2025-12-14T06:24:28Z
Jacory Croskey-Merritt,RB,15,2025,WAS,NYG,away,2.50,46.50,00-0040242,22.00,5.48,4400,31.00,1.22,0.16,0.37,0.21,2025-12-14T06:24:28Z
Raheim Sanders,RB,15,2025,CLE,CHI,away,7.50,38.50,00-0040466,15.50,3.55,4000,15.00,0.87,0.16,0.06,-0.10,2025-12-14T06:24:28Z
Nathan Carter,RB,15,2025,ATL,TB,away,6.00,43.50,00-0040547,18.75,0.00,,21.00,,,,,2025-12-14T06:24:28Z
Woody Marks,RB,15,2025,HOU,ARI,home,-10.50,42.50,00-0040583,26.50,14.68,5600,28.00,2.60,23.07,9.73,-13.34,2025-12-14T06:24:28Z
Trevor Etienne,RB,15,2025,CAR,NO,away,-2.50,40.50,00-0040644,21.50,1.55,4000,18.00,0.28,0.00,,,2025-12-14T06:24:28Z
Omarion Hampton,RB,15,2025,LAC,KC,away,6.00,41.50,00-0040666,17.75,12.09,5900,7.00,1.82,1.47,5.05,3.58,2025-12-14T06:24:28Z
Jarquez Hunter,RB,15,2025,LA,DET,home,-6.00,54.50,00-0040692,30.25,0.29,4000,1.00,0.07,0.05,,,2025-12-14T06:24:28Z
Bhayshul Tuten,RB,15,2025,JAX,NYJ,home,-13.50,41.50,00-0040719,27.50,5.70,4500,30.00,1.13,0.40,0.77,0.36,2025-12-14T06:24:28Z
RJ Harvey,RB,15,2025,DEN,GB,home,1.50,42.50,00-0040730,20.50,13.83,6000,9.00,2.27,7.54,6.98,-0.56,2025-12-14T06:24:28Z
TreVeyon Henderson,RB,15,2025,NE,BUF,home,1.50,48.50,00-0040734,23.50,13.43,6100,26.00,2.03,5.18,7.21,2.03,2025-12-14T06:24:28Z
Quinshon Judkins,RB,15,2025,CLE,CHI,away,7.50,38.50,00-0040784,15.50,15.03,6300,15.00,2.32,9.42,9.47,0.06,2025-12-14T06:24:28Z
Adam Thielen,WR,15,2025,PIT,MIA,home,-3.00,42.50,00-0030035,22.75,2.65,,8.00,,,,,2025-12-14T06:24:28Z
Keenan Allen,WR,15,2025,LAC,KC,away,6.00,41.50,00-0030279,17.75,9.06,4800,13.00,1.87,1.81,1.43,-0.38,2025-12-14T06:24:28Z
DeAndre Hopkins,WR,15,2025,BAL,CIN,away,-3.00,51.50,00-0030564,27.25,4.17,3000,3.00,1.49,1.87,0.91,-0.96,2025-12-14T06:24:28Z
Davante Adams,WR,15,2025,LA,DET,home,-6.00,54.50,00-0031381,30.25,16.09,7200,31.00,2.42,14.30,7.75,-6.54,2025-12-14T06:24:28Z
Mike Evans,WR,15,2025,TB,ATL,home,-6.00,43.50,00-0031408,24.75,11.04,,21.00,,,,,2025-12-14T06:24:28Z
Stefon Diggs,WR,15,2025,NE,BUF,home,1.50,48.50,00-0031588,23.50,13.23,6000,15.00,2.07,5.78,6.14,0.37,2025-12-14T06:24:28Z
Tyler Lockett,WR,15,2025,LV,PHI,away,12.50,38.50,00-0032211,13.00,5.38,3400,14.00,1.63,0.65,0.30,-0.35,2025-12-14T06:24:28Z
Kalif Raymond,WR,15,2025,DET,LA,away,6.00,54.50,00-0032464,24.25,3.33,3400,19.00,1.29,0.64,,,2025-12-14T06:24:28Z
Demarcus Robinson,WR,15,2025,SF,TEN,home,-12.50,44.50,00-0032775,28.50,3.38,3000,23.00,1.22,0.32,0.13,-0.18,2025-12-14T06:24:28Z
Laquon Treadwell,WR,15,2025,IND,SEA,away,13.50,41.50,00-0032951,14.00,0.21,3000,6.00,0.07,0.00,0.02,0.02,2025-12-14T06:24:28Z
Kendrick Bourne,WR,15,2025,SF,TEN,home,-12.50,44.50,00-0033307,28.50,1.22,3800,23.00,0.52,0.10,,,2025-12-14T06:24:28Z
Tim Patrick,WR,15,2025,JAX,NYJ,home,-13.50,41.50,00-0033375,27.50,2.43,3700,10.00,0.59,0.10,0.08,-0.02,2025-12-14T06:24:28Z
Mack Hollins,WR,15,2025,NE,BUF,home,1.50,48.50,00-0033555,23.50,7.76,4000,15.00,2.00,1.84,2.47,0.62,2025-12-14T06:24:28Z
Noah Brown,WR,15,2025,WAS,NYG,away,2.50,46.50,00-0033591,22.00,5.80,3200,28.00,1.92,1.21,0.76,-0.45,2025-12-14T06:24:28Z
JuJu Smith-Schuster,WR,15,2025,KC,LAC,home,-6.00,41.50,00-0033857,23.75,5.61,,2.00,,0.00,0.67,0.67,2025-12-14T06:24:28Z
Cooper Kupp,WR,15,2025,SEA,IND,home,-13.50,41.50,00-0033908,27.50,7.71,4100,29.00,1.98,3.19,1.55,-1.64,2025-12-14T06:24:28Z
Chris Godwin Jr.,WR,15,2025,TB,ATL,home,-6.00,43.50,00-0033921,24.75,10.87,,21.00,,,,,2025-12-14T06:24:28Z
Marquez Valdes-Scantling,WR,15,2025,PIT,MIA,home,-3.00,42.50,00-0034272,22.75,2.40,,8.00,,,,,2025-12-14T06:24:28Z
Courtland Sutton,WR,15,2025,DEN,GB,home,1.50,42.50,00-0034348,20.50,12.32,5500,12.00,2.25,4.75,5.71,0.96,2025-12-14T06:24:28Z
Cedrick Wilson Jr.,WR,15,2025,MIA,PIT,away,3.00,42.50,00-0034418,19.75,0.45,,30.00,,,,,2025-12-14T06:24:28Z
Trent Sherfield Sr.,WR,15,2025,ARI,HOU,away,10.50,42.50,00-0034487,16.00,2.84,3000,5.00,0.73,0.06,0.05,-0.00,2025-12-14T06:24:28Z
Allen Lazard,WR,15,2025,NYJ,JAX,away,13.50,41.50,00-0034521,14.00,2.74,3000,20.00,0.77,0.28,0.01,-0.27,2025-12-14T06:24:28Z
Christian Kirk,WR,15,2025,HOU,ARI,home,-10.50,42.50,00-0034775,26.50,6.11,3200,17.00,1.53,0.22,1.58,1.36,2025-12-14T06:24:28Z
DJ Moore,WR,15,2025,CHI,CLE,home,-7.50,38.50,00-0034827,23.00,8.12,5000,4.00,1.46,2.34,3.32,0.98,2025-12-14T06:24:28Z
KhaDarel Hodge,WR,15,2025,ATL,TB,away,6.00,43.50,00-0034854,18.75,0.25,,18.00,,,,,2025-12-14T06:24:28Z
Dante Pettis,WR,15,2025,NO,CAR,home,2.50,40.50,00-0034860,19.00,0.44,3000,11.00,0.10,0.00,,,2025-12-14T06:24:28Z
Jakobi Meyers,WR,15,2025,JAX,NYJ,home,-13.50,41.50,00-0034960,27.50,12.59,5600,10.00,2.34,12.58,5.24,-7.33,2025-12-14T06:24:28Z
Ashton Dulin,WR,15,2025,IND,SEA,away,13.50,41.50,00-0035021,14.00,0.00,3000,6.00,0.00,0.00,,,2025-12-14T06:24:28Z
Olamide Zaccheaus,WR,15,2025,CHI,CLE,home,-7.50,38.50,00-0035208,23.00,3.86,3300,4.00,1.15,1.06,,,2025-12-14T06:24:28Z
David Sills V,WR,15,2025,ATL,TB,away,6.00,43.50,00-0035359,18.75,6.07,,18.00,,,,,2025-12-14T06:24:28Z
Lil'Jordan Humphrey,WR,15,2025,DEN,GB,home,1.50,42.50,00-0035406,20.50,3.95,3000,12.00,1.33,0.06,0.11,0.05,2025-12-14T06:24:28Z
Darius Slayton,WR,15,2025,NYG,WAS,home,-2.50,46.50,00-0035535,24.50,9.56,4400,25.00,2.00,2.27,3.95,1.68,2025-12-14T06:24:28Z
Tom Kennedy,WR,15,2025,DET,LA,away,6.00,54.50,00-0035544,24.25,1.60,3000,19.00,0.75,0.07,,,2025-12-14T06:24:28Z
Alex Bachman,WR,15,2025,LV,PHI,away,12.50,38.50,00-0035602,13.00,0.00,3000,14.00,0.00,0.00,,,2025-12-14T06:24:28Z
DK Metcalf,WR,15,2025,PIT,MIA,home,-3.00,42.50,00-0035640,22.75,13.62,,8.00,,,,,2025-12-14T06:24:28Z
Gunner Olszewski,WR,15,2025,NYG,WAS,home,-2.50,46.50,00-0035645,24.50,1.35,3000,25.00,0.22,0.00,1.37,1.37,2025-12-14T06:24:28Z
Terry McLaurin,WR,15,2025,WAS,NYG,away,2.50,46.50,00-0035659,22.00,12.64,5400,28.00,2.22,10.44,7.78,-2.66,2025-12-14T06:24:28Z
A.J. Brown,WR,15,2025,PHI,LV,home,-12.50,38.50,00-0035676,25.50,15.47,6800,27.00,2.18,10.46,9.33,-1.13,2025-12-14T06:24:28Z
Deebo Samuel Sr.,WR,15,2025,WAS,NYG,away,2.50,46.50,00-0035719,22.00,13.53,5300,28.00,2.09,5.59,10.07,4.48,2025-12-14T06:24:28Z
Andre Baccellia,WR,15,2025,ARI,HOU,away,10.50,42.50,00-0035876,16.00,5.16,3000,5.00,1.48,0.09,1.34,1.25,2025-12-14T06:24:28Z
Cody White,WR,15,2025,SEA,IND,home,-13.50,41.50,00-0035891,27.50,0.97,3000,29.00,0.26,0.00,,,2025-12-14T06:24:28Z
James Proche II,WR,15,2025,TEN,SF,away,12.50,44.50,00-0036133,16.00,1.55,3000,22.00,0.56,0.07,,,2025-12-14T06:24:28Z
Isaiah Hodgins,WR,15,2025,NYG,WAS,home,-2.50,46.50,00-0036165,24.50,7.34,3400,25.00,1.76,1.02,2.69,1.67,2025-12-14T06:24:28Z
Nick Westbrook-Ikhine,WR,15,2025,MIA,PIT,away,3.00,42.50,00-0036182,19.75,2.84,,30.00,,,,,2025-12-14T06:24:28Z
Gabe Davis,WR,15,2025,BUF,NE,away,-1.50,48.50,00-0036196,25.00,4.84,3600,16.00,1.31,0.36,0.88,0.52,2025-12-14T06:24:28Z
Michael Pittman Jr.,WR,15,2025,IND,SEA,away,13.50,41.50,00-0036252,14.00,11.14,5100,6.00,2.15,5.40,3.06,-2.35,2025-12-14T06:24:28Z
Jauan Jennings,WR,15,2025,SF,TEN,home,-12.50,44.50,00-0036259,28.50,12.30,5200,23.00,2.45,13.66,6.03,-7.63,2025-12-14T06:24:28Z
Darnell Mooney,WR,15,2025,ATL,TB,away,6.00,43.50,00-0036309,18.75,8.91,,18.00,,,,,2025-12-14T06:24:28Z
Justin Jefferson,WR,15,2025,MIN,DAL,away,5.50,47.50,00-0036322,21.00,14.27,,32.00,,,,,2025-12-14T06:24:28Z
Devin Duvernay,WR,15,2025,CHI,CLE,home,-7.50,38.50,00-0036331,23.00,0.06,3000,4.00,0.04,0.00,,,2025-12-14T06:24:28Z
CeeDee Lamb,WR,15,2025,DAL,MIN,home,-5.50,47.50,00-0036358,26.50,17.81,,1.00,,,,,2025-12-14T06:24:28Z
Jerry Jeudy,WR,15,2025,CLE,CHI,away,7.50,38.50,00-0036407,15.50,8.61,4400,26.00,2.16,3.99,1.87,-2.12,2025-12-14T06:24:28Z
Van Jefferson,WR,15,2025,TEN,SF,away,12.50,44.50,00-0036415,16.00,5.89,3000,22.00,1.85,2.47,1.55,-0.92,2025-12-14T06:24:28Z
Rashod Bateman,WR,15,2025,BAL,CIN,away,-3.00,51.50,00-0036550,27.25,5.84,3400,3.00,1.56,1.59,1.60,0.01,2025-12-14T06:24:28Z
Nico Collins,WR,15,2025,HOU,ARI,home,-10.50,42.50,00-0036554,26.50,16.10,6700,17.00,2.49,12.68,10.76,-1.92,2025-12-14T06:24:28Z
Jaylen Waddle,WR,15,2025,MIA,PIT,away,3.00,42.50,00-0036613,19.75,13.80,,30.00,,,,,2025-12-14T06:24:28Z
Dee Eskridge,WR,15,2025,MIA,PIT,away,3.00,42.50,00-0036620,19.75,0.46,,30.00,,,,,2025-12-14T06:24:28Z
Dyami Brown,WR,15,2025,JAX,NYJ,home,-13.50,41.50,00-0036626,27.50,0.23,3000,10.00,0.09,0.00,,,2025-12-14T06:24:28Z
Tylan Wallace,WR,15,2025,BAL,CIN,away,-3.00,51.50,00-0036630,27.25,1.85,3000,3.00,0.46,0.04,0.68,0.64,2025-12-14T06:24:28Z
Tutu Atwell,WR,15,2025,LA,DET,home,-6.00,54.50,00-0036849,30.25,2.38,3300,31.00,0.55,0.25,0.46,0.21,2025-12-14T06:24:28Z
Ben Skowronek,WR,15,2025,PIT,MIA,home,-3.00,42.50,00-0036862,22.75,1.75,,8.00,,,,,2025-12-14T06:24:28Z
Ja'Marr Chase,WR,15,2025,CIN,BAL,home,3.00,51.50,00-0036900,24.25,19.75,8100,24.00,2.41,19.84,15.74,-4.09,2025-12-14T06:24:28Z
DeVonta Smith,WR,15,2025,PHI,LV,home,-12.50,38.50,00-0036912,25.50,13.35,5800,27.00,2.19,8.62,6.60,-2.01,2025-12-14T06:24:28Z
Amon-Ra St. Brown,WR,15,2025,DET,LA,away,6.00,54.50,00-0036963,24.25,18.78,7900,19.00,2.20,17.62,14.57,-3.05,2025-12-14T06:24:28Z
Joshua Palmer,WR,15,2025,BUF,NE,away,-1.50,48.50,00-0036988,25.00,5.48,3500,16.00,1.32,0.70,1.41,0.71,2025-12-14T06:24:28Z
Britain Covey,WR,15,2025,PHI,LV,home,-12.50,38.50,00-0037132,25.50,0.00,3000,27.00,0.01,0.00,,,2025-12-14T06:24:28Z
Kevin Austin Jr.,WR,15,2025,NO,CAR,home,2.50,40.50,00-0037231,19.00,0.00,3000,11.00,0.04,0.00,,,2025-12-14T06:24:28Z
Chris Olave,WR,15,2025,NO,CAR,home,2.50,40.50,00-0037239,19.00,14.94,6200,11.00,2.27,5.34,9.70,4.36,2025-12-14T06:24:28Z
Jameson Williams,WR,15,2025,DET,LA,away,6.00,54.50,00-0037240,24.25,14.03,6100,19.00,2.18,11.89,8.83,-3.06,2025-12-14T06:24:28Z
George Pickens,WR,15,2025,DAL,MIN,home,-5.50,47.50,00-0037247,26.50,16.86,,1.00,,,,,2025-12-14T06:24:28Z
Khalil Shakir,WR,15,2025,BUF,NE,away,-1.50,48.50,00-0037261,25.00,11.32,5300,16.00,2.27,5.92,2.91,-3.01,2025-12-14T06:24:28Z
Jalen Nailor,WR,15,2025,MIN,DAL,away,5.50,47.50,00-0037291,21.00,5.85,,32.00,,,,,2025-12-14T06:24:28Z
Deven Thompkins,WR,15,2025,ATL,TB,away,6.00,43.50,00-0037487,18.75,2.51,,18.00,,,,,2025-12-14T06:24:28Z
Rashid Shaheed,WR,15,2025,SEA,IND,home,-13.50,41.50,00-0037545,27.50,7.67,4600,29.00,1.76,2.28,1.70,-0.58,2025-12-14T06:24:28Z
John Metchie III,WR,15,2025,NYJ,JAX,away,13.50,41.50,00-0037614,14.00,9.15,4300,20.00,2.10,5.92,3.27,-2.65,2025-12-14T06:24:28Z
Alec Pierce,WR,15,2025,IND,SEA,away,13.50,41.50,00-0037664,14.00,9.64,4900,6.00,1.82,1.96,3.71,1.74,2025-12-14T06:24:28Z
Jalen Tolbert,WR,15,2025,DAL,MIN,home,-5.50,47.50,00-0037666,26.50,0.49,,1.00,,,,,2025-12-14T06:24:28Z
Garrett Wilson,WR,15,2025,NYJ,JAX,away,13.50,41.50,00-0037740,14.00,3.08,3000,20.00,1.34,0.07,0.02,-0.05,2025-12-14T06:24:28Z
Jahan Dotson,WR,15,2025,PHI,LV,home,-12.50,38.50,00-0037741,25.50,3.32,,27.00,,0.00,0.18,0.18,2025-12-14T06:24:28Z
Treylon Burks,WR,15,2025,WAS,NYG,away,2.50,46.50,00-0037742,22.00,3.77,3000,28.00,0.98,0.05,0.48,0.43,2025-12-14T06:24:28Z
KaVontae Turpin,WR,15,2025,DAL,MIN,home,-5.50,47.50,00-0037801,26.50,3.29,,1.00,,,,,2025-12-14T06:24:28Z
Romeo Doubs,WR,15,2025,GB,DEN,away,-1.50,42.50,00-0037816,22.00,8.84,4700,7.00,1.94,1.36,1.79,0.43,2025-12-14T06:24:28Z
Calvin Austin III,WR,15,2025,PIT,MIA,home,-3.00,42.50,00-0037837,22.75,5.74,,8.00,,,,,2025-12-14T06:24:28Z
Skyy Moore,WR,15,2025,SF,TEN,home,-12.50,44.50,00-0038090,28.50,0.27,3000,23.00,0.07,0.01,,,2025-12-14T06:24:28Z
Tyquan Thornton,WR,15,2025,KC,LAC,home,-6.00,41.50,00-0038104,23.75,3.42,3000,2.00,0.92,0.02,1.07,1.04,2025-12-14T06:24:28Z
Wan'Dale Robinson,WR,15,2025,NYG,WAS,home,-2.50,46.50,00-0038117,24.50,13.46,5900,25.00,2.51,13.74,6.33,-7.41,2025-12-14T06:24:28Z
Christian Watson,WR,15,2025,GB,DEN,away,-1.50,42.50,00-0038124,22.00,11.07,5500,7.00,1.92,4.54,5.57,1.03,2025-12-14T06:24:28Z
Xavier Smith,WR,15,2025,LA,DET,home,-6.00,54.50,00-0038359,30.25,3.14,3000,31.00,0.95,0.27,0.09,-0.18,2025-12-14T06:24:28Z
Dontayvion Wicks,WR,15,2025,GB,DEN,away,-1.50,42.50,00-0038393,22.00,3.53,3700,7.00,0.94,0.52,0.07,-0.45,2025-12-14T06:24:28Z
Nikko Remigio,WR,15,2025,KC,LAC,home,-6.00,41.50,00-0038519,23.75,0.24,3000,2.00,0.05,0.00,,,2025-12-14T06:24:28Z
Jaxon Smith-Njigba,WR,15,2025,SEA,IND,home,-13.50,41.50,00-0038543,27.50,24.66,8600,29.00,2.75,23.64,22.91,-0.73,2025-12-14T06:24:28Z
Quentin Johnston,WR,15,2025,LAC,KC,away,6.00,41.50,00-0038544,17.75,8.73,4900,13.00,1.57,1.30,1.58,0.28,2025-12-14T06:24:28Z
Michael Wilson,WR,15,2025,ARI,HOU,away,10.50,42.50,00-0038559,16.00,14.55,6600,5.00,2.37,8.75,6.31,-2.44,2025-12-14T06:24:28Z
Tre Tucker,WR,15,2025,LV,PHI,away,12.50,38.50,00-0038563,13.00,8.45,4200,14.00,1.84,1.23,4.13,2.90,2025-12-14T06:24:28Z
Charlie Jones,WR,15,2025,CIN,BAL,home,3.00,51.50,00-0038576,24.25,0.85,3000,24.00,0.49,0.04,,,2025-12-14T06:24:28Z
Parker Washington,WR,15,2025,JAX,NYJ,home,-13.50,41.50,00-0038606,27.50,7.90,4700,10.00,1.67,1.92,1.57,-0.36,2025-12-14T06:24:28Z
Kayshon Boutte,WR,15,2025,NE,BUF,home,1.50,48.50,00-0038608,23.50,8.91,5000,15.00,1.45,2.09,4.73,2.64,2025-12-14T06:24:28Z
Xavier Hutchinson,WR,15,2025,HOU,ARI,home,-10.50,42.50,00-0038618,26.50,3.62,3000,17.00,1.34,0.14,0.19,0.05,2025-12-14T06:24:28Z
Andrei Iosivas,WR,15,2025,CIN,BAL,home,3.00,51.50,00-0038619,24.25,7.63,4100,24.00,1.65,1.25,2.41,1.16,2025-12-14T06:24:28Z
DeMario Douglas,WR,15,2025,NE,BUF,home,1.50,48.50,00-0038621,23.50,5.98,3500,15.00,1.47,0.60,1.37,0.77,2025-12-14T06:24:28Z
Jalen Brooks,WR,15,2025,ARI,HOU,away,10.50,42.50,00-0038640,16.00,4.07,3300,5.00,1.04,0.40,0.79,0.39,2025-12-14T06:24:28Z
Tyrell Shavers,WR,15,2025,BUF,NE,away,-1.50,48.50,00-0038679,25.00,2.57,3000,16.00,0.85,0.06,0.25,0.18,2025-12-14T06:24:28Z
Jake Bobo,WR,15,2025,SEA,IND,home,-13.50,41.50,00-0038752,27.50,0.01,3000,29.00,0.01,0.00,,,2025-12-14T06:24:28Z
Mitch Tinsley,WR,15,2025,CIN,BAL,home,3.00,51.50,00-0038839,24.25,7.16,3100,24.00,2.20,7.13,4.05,-3.08,2025-12-14T06:24:28Z
Brycen Tremayne,WR,15,2025,CAR,NO,away,-2.50,40.50,00-0038840,21.50,0.47,3000,9.00,0.15,0.00,,,2025-12-14T06:24:28Z
Jalin Hyatt,WR,15,2025,NYG,WAS,home,-2.50,46.50,00-0038938,24.50,0.21,3000,25.00,0.08,0.01,,,2025-12-14T06:24:28Z
Dylan Drummond,WR,15,2025,ATL,TB,away,6.00,43.50,00-0038953,18.75,4.79,,18.00,,,,,2025-12-14T06:24:28Z
Marvin Mims Jr.,WR,15,2025,DEN,GB,home,1.50,42.50,00-0038976,20.50,6.41,3600,12.00,1.58,1.34,1.33,-0.01,2025-12-14T06:24:28Z
Cedric Tillman,WR,15,2025,CLE,CHI,away,7.50,38.50,00-0038979,15.50,5.35,3200,26.00,1.61,0.62,1.49,0.87,2025-12-14T06:24:28Z
Jordan Addison,WR,15,2025,MIN,DAL,away,5.50,47.50,00-0038994,21.00,11.03,,32.00,,,,,2025-12-14T06:24:28Z
Josh Downs,WR,15,2025,IND,SEA,away,13.50,41.50,00-0038997,14.00,8.25,4100,6.00,1.90,1.68,1.32,-0.36,2025-12-14T06:24:28Z
Zay Flowers,WR,15,2025,BAL,CIN,away,-3.00,51.50,00-0039064,27.25,13.81,6300,3.00,2.19,9.50,7.89,-1.61,2025-12-14T06:24:28Z
Rashee Rice,WR,15,2025,KC,LAC,home,-6.00,41.50,00-0039067,23.75,16.77,7700,2.00,2.22,7.04,7.78,0.73,2025-12-14T06:24:28Z
Puka Nacua,WR,15,2025,LA,DET,home,-6.00,54.50,00-0039075,30.25,24.30,8700,31.00,2.73,28.38,22.52,-5.86,2025-12-14T06:24:28Z
Jayden Reed,WR,15,2025,GB,DEN,away,-1.50,42.50,00-0039146,22.00,9.60,4500,7.00,2.13,4.31,3.93,-0.38,2025-12-14T06:24:28Z
Xavier Legette,WR,15,2025,CAR,NO,away,-2.50,40.50,00-0039342,21.50,6.21,3700,9.00,1.80,0.36,0.70,0.34,2025-12-14T06:24:28Z
Ryan Flournoy,WR,15,2025,DAL,MIN,home,-5.50,47.50,00-0039410,26.50,5.19,,1.00,,,,,2025-12-14T06:24:28Z
Devaughn Vele,WR,15,2025,NO,CAR,home,2.50,40.50,00-0039424,19.00,9.20,4200,11.00,1.97,1.72,4.26,2.54,2025-12-14T06:24:28Z
Isaiah Williams,WR,15,2025,NYJ,JAX,away,13.50,41.50,00-0039451,14.00,4.30,3000,20.00,1.15,0.21,0.51,0.30,2025-12-14T06:24:28Z
Jalen Coker,WR,15,2025,CAR,NO,away,-2.50,40.50,00-0039491,21.50,7.32,3900,9.00,1.89,2.04,1.72,-0.32,2025-12-14T06:24:28Z
Xavier Weaver,WR,15,2025,ARI,HOU,away,10.50,42.50,00-0039521,16.00,0.88,3000,5.00,0.46,0.04,,,2025-12-14T06:24:28Z
Mason Tipton,WR,15,2025,NO,CAR,home,2.50,40.50,00-0039623,19.00,4.21,3000,11.00,1.60,0.05,0.23,0.18,2025-12-14T06:24:28Z
Devontez Walker,WR,15,2025,BAL,CIN,away,-3.00,51.50,00-0039792,27.25,1.75,3000,3.00,1.07,0.14,,,2025-12-14T06:24:28Z
Jalen McMillan,WR,15,2025,TB,ATL,home,-6.00,43.50,00-0039855,24.75,1.66,,21.00,,,,,2025-12-14T06:24:28Z
Troy Franklin,WR,15,2025,DEN,GB,home,1.50,42.50,00-0039868,20.50,9.20,5200,12.00,1.88,2.01,2.76,0.75,2025-12-14T06:24:28Z
Malik Washington,WR,15,2025,MIA,PIT,away,3.00,42.50,00-0039880,19.75,7.51,,30.00,,,,,2025-12-14T06:24:28Z
Adonai Mitchell,WR,15,2025,NYJ,JAX,away,13.50,41.50,00-0039890,14.00,8.72,4400,20.00,2.06,5.35,3.11,-2.24,2025-12-14T06:24:28Z
Brian Thomas Jr.,WR,15,2025,JAX,NYJ,home,-13.50,41.50,00-0039893,27.50,10.52,5700,10.00,1.99,5.66,3.98,-1.68,2025-12-14T06:24:28Z
Xavier Worthy,WR,15,2025,KC,LAC,home,-6.00,41.50,00-0039894,23.75,9.35,4500,2.00,2.14,2.15,3.02,0.87,2025-12-14T06:24:28Z
Keon Coleman,WR,15,2025,BUF,NE,away,-1.50,48.50,00-0039901,25.00,5.12,3800,16.00,1.17,0.23,0.59,0.36,2025-12-14T06:24:28Z
Ladd McConkey,WR,15,2025,LAC,KC,away,6.00,41.50,00-0039915,17.75,12.09,6400,13.00,1.75,1.72,5.42,3.70,2025-12-14T06:24:28Z
Ricky Pearsall,WR,15,2025,SF,TEN,home,-12.50,44.50,00-0039916,28.50,9.81,5100,23.00,1.87,4.56,4.04,-0.52,2025-12-14T06:24:28Z
Rome Odunze,WR,15,2025,CHI,CLE,home,-7.50,38.50,00-0039919,23.00,8.93,5800,4.00,1.40,0.94,2.55,1.61,2025-12-14T06:24:28Z
Malachi Corley,WR,15,2025,CLE,CHI,away,7.50,38.50,00-0039920,15.50,1.84,3000,26.00,0.35,0.02,0.19,0.17,2025-12-14T06:24:28Z
Darius Cooper,WR,15,2025,PHI,LV,home,-12.50,38.50,00-0040024,25.50,0.83,3000,27.00,0.54,0.10,,,2025-12-14T06:24:28Z
Tetairoa McMillan,WR,15,2025,CAR,NO,away,-2.50,40.50,00-0040124,21.50,13.15,6000,9.00,2.32,9.46,5.62,-3.84,2025-12-14T06:24:28Z
Emeka Egbuka,WR,15,2025,TB,ATL,home,-6.00,43.50,00-0040129,24.75,11.82,,21.00,,,,,2025-12-14T06:24:28Z
Jayden Higgins,WR,15,2025,HOU,ARI,home,-10.50,42.50,00-0040130,26.50,10.47,4200,17.00,2.83,11.24,3.19,-8.05,2025-12-14T06:24:28Z
Kyle Williams,WR,15,2025,NE,BUF,home,1.50,48.50,00-0040131,23.50,1.08,3000,15.00,0.54,0.02,,,2025-12-14T06:24:28Z
Pat Bryant,WR,15,2025,DEN,GB,home,1.50,42.50,00-0040134,20.50,3.31,3900,12.00,1.08,0.41,0.02,-0.39,2025-12-14T06:24:28Z
Jaylin Noel,WR,15,2025,HOU,ARI,home,-10.50,42.50,00-0040138,26.50,3.07,3000,17.00,1.01,0.15,0.13,-0.02,2025-12-14T06:24:28Z
Tai Felton,WR,15,2025,MIN,DAL,away,5.50,47.50,00-0040154,21.00,1.06,,32.00,,,,,2025-12-14T06:24:28Z
Jaylin Lane,WR,15,2025,WAS,NYG,away,2.50,46.50,00-0040164,22.00,2.83,3000,28.00,0.81,0.06,0.09,0.02,2025-12-14T06:24:28Z
Elic Ayomanor,WR,15,2025,TEN,SF,away,12.50,44.50,00-0040170,16.00,7.64,3500,22.00,2.14,3.81,2.27,-1.54,2025-12-14T06:24:28Z
KeAndre Lambert-Smith,WR,15,2025,LAC,KC,away,6.00,41.50,00-0040184,17.75,0.37,3000,13.00,0.11,0.00,,,2025-12-14T06:24:28Z
Jimmy Horn Jr.,WR,15,2025,CAR,NO,away,-2.50,40.50,00-0040218,21.50,1.48,3000,9.00,0.44,0.01,0.03,0.02,2025-12-14T06:24:28Z
Tez Johnson,WR,15,2025,TB,ATL,home,-6.00,43.50,00-0040237,24.75,2.71,,21.00,,,,,2025-12-14T06:24:28Z
Gage Larvadain,WR,15,2025,CLE,CHI,away,7.50,38.50,00-0040259,15.50,4.52,3000,26.00,1.47,0.08,0.08,0.00,2025-12-14T06:24:28Z
Xavier Restrepo,WR,15,2025,TEN,SF,away,12.50,44.50,00-0040522,16.00,4.00,3000,22.00,1.66,0.88,0.15,-0.73,2025-12-14T06:24:28Z
Dont'e Thornton Jr.,WR,15,2025,LV,PHI,away,12.50,38.50,00-0040581,13.00,3.24,3000,14.00,1.20,0.60,0.01,-0.59,2025-12-14T06:24:28Z
Konata Mumpfield,WR,15,2025,LA,DET,home,-6.00,54.50,00-0040590,30.25,1.77,3000,31.00,0.46,0.02,0.01,-0.01,2025-12-14T06:24:28Z
Matthew Golden,WR,15,2025,GB,DEN,away,-1.50,42.50,00-0040667,22.00,3.43,3600,7.00,0.79,0.09,0.38,0.29,2025-12-14T06:24:28Z
Isaac TeSlaa,WR,15,2025,DET,LA,away,6.00,54.50,00-0040669,24.25,5.05,3500,19.00,1.76,1.02,0.10,-0.92,2025-12-14T06:24:28Z
Chimere Dike,WR,15,2025,TEN,SF,away,12.50,44.50,00-0040705,16.00,8.64,4300,22.00,1.88,2.24,3.28,1.04,2025-12-14T06:24:28Z
Tre Harris,WR,15,2025,LAC,KC,away,6.00,41.50,00-0040727,17.75,3.72,3100,13.00,1.35,1.24,0.14,-1.10,2025-12-14T06:24:28Z
Jack Bech,WR,15,2025,LV,PHI,away,12.50,38.50,00-0040729,13.00,3.83,3200,14.00,1.32,0.86,0.44,-0.42,2025-12-14T06:24:28Z
Luther Burden III,WR,15,2025,CHI,CLE,home,-7.50,38.50,00-0040735,23.00,7.87,4800,4.00,1.78,2.14,0.93,-1.21,2025-12-14T06:24:28Z
Isaiah Bond,WR,15,2025,CLE,CHI,away,7.50,38.50,00-0040782,15.50,4.68,3000,26.00,1.30,0.23,2.66,2.43,2025-12-14T06:24:28Z
Travis Kelce,TE,15,2025,KC,LAC,home,-6.00,41.50,00-0030506,23.75,11.12,4900,8.00,2.14,2.26,6.26,4.00,2025-12-14T06:24:28Z
Chris Manhertz,TE,15,2025,NYG,WAS,home,-2.50,46.50,00-0031484,24.50,0.44,2500,28.00,0.14,0.01,,,2025-12-14T06:24:28Z
Darren Waller,TE,15,2025,MIA,PIT,away,3.00,42.50,00-0031610,19.75,8.07,,27.00,,,,,2025-12-14T06:24:28Z
Austin Hooper,TE,15,2025,NE,BUF,home,1.50,48.50,00-0032392,23.50,3.24,2500,1.00,1.25,0.08,0.37,0.28,2025-12-14T06:24:28Z
Hunter Henry,TE,15,2025,NE,BUF,home,1.50,48.50,00-0033090,23.50,10.27,4400,1.00,2.10,2.71,6.38,3.67,2025-12-14T06:24:28Z
Mo Alie-Cox,TE,15,2025,IND,SEA,away,13.50,41.50,00-0033217,14.00,1.44,2500,31.00,0.65,0.12,0.03,-0.08,2025-12-14T06:24:28Z
George Kittle,TE,15,2025,SF,TEN,home,-12.50,44.50,00-0033288,28.50,14.12,5400,18.00,2.43,11.58,9.94,-1.65,2025-12-14T06:24:28Z
Taysom Hill,TE,15,2025,NO,CAR,home,2.50,40.50,00-0033357,19.00,2.63,2700,21.00,1.18,0.20,0.02,-0.18,2025-12-14T06:24:28Z
Anthony Firkser,TE,15,2025,DET,LA,away,6.00,54.50,00-0033455,24.25,4.58,2500,14.00,1.38,0.62,1.52,0.90,2025-12-14T06:24:28Z
Eric Saubert,TE,15,2025,SEA,IND,home,-13.50,41.50,00-0033576,27.50,1.46,2500,26.00,0.55,0.03,,,2025-12-14T06:24:28Z
Jonnu Smith,TE,15,2025,PIT,MIA,home,-3.00,42.50,00-0033858,22.75,5.10,,28.00,,,,,2025-12-14T06:24:28Z
Evan Engram,TE,15,2025,DEN,GB,home,1.50,42.50,00-0033881,20.50,7.82,3100,17.00,2.24,2.24,5.14,2.90,2025-12-14T06:24:28Z
Will Dissly,TE,15,2025,LAC,KC,away,6.00,41.50,00-0034159,17.75,1.37,2500,6.00,0.50,0.01,0.01,0.00,2025-12-14T06:24:28Z
Tyler Conklin,TE,15,2025,LAC,KC,away,6.00,41.50,00-0034270,17.75,0.85,2500,6.00,0.37,0.00,,,2025-12-14T06:24:28Z
Dallas Goedert,TE,15,2025,PHI,LV,home,-12.50,38.50,00-0034351,25.50,9.83,3800,4.00,2.39,4.31,5.04,0.73,2025-12-14T06:24:28Z
Dalton Schultz,TE,15,2025,HOU,ARI,home,-10.50,42.50,00-0034383,26.50,10.09,4100,23.00,2.31,7.66,5.24,-2.42,2025-12-14T06:24:28Z
Tanner Hudson,TE,15,2025,CIN,BAL,home,3.00,51.50,00-0034613,24.25,2.13,2500,7.00,0.83,0.04,0.18,0.14,2025-12-14T06:24:28Z
Mark Andrews,TE,15,2025,BAL,CIN,away,-3.00,51.50,00-0034753,27.25,10.59,3900,32.00,2.32,12.14,7.72,-4.41,2025-12-14T06:24:28Z
Durham Smythe,TE,15,2025,CHI,CLE,home,-7.50,38.50,00-0034798,23.00,0.74,2500,11.00,0.29,0.01,0.01,0.00,2025-12-14T06:24:28Z
Mike Gesicki,TE,15,2025,CIN,BAL,home,3.00,51.50,00-0034829,24.25,9.11,3300,7.00,2.69,6.30,4.89,-1.41,2025-12-14T06:24:28Z
Foster Moreau,TE,15,2025,NO,CAR,home,2.50,40.50,00-0034981,19.00,2.70,2500,21.00,1.00,0.02,0.19,0.18,2025-12-14T06:24:28Z
T.J. Hockenson,TE,15,2025,MIN,DAL,away,5.50,47.50,00-0035229,21.00,8.26,,14.00,,,,,2025-12-14T06:24:28Z
Josh Oliver,TE,15,2025,MIN,DAL,away,5.50,47.50,00-0035249,21.00,2.82,,14.00,,,,,2025-12-14T06:24:28Z
Noah Fant,TE,15,2025,CIN,BAL,home,3.00,51.50,00-0035644,24.25,3.97,2800,7.00,1.39,0.89,0.31,-0.58,2025-12-14T06:24:28Z
Dawson Knox,TE,15,2025,BUF,NE,away,-1.50,48.50,00-0035689,25.00,4.28,3000,25.00,1.53,0.44,0.41,-0.02,2025-12-14T06:24:28Z
Juwan Johnson,TE,15,2025,NO,CAR,home,2.50,40.50,00-0036040,19.00,10.57,3700,21.00,2.55,6.43,6.88,0.45,2025-12-14T06:24:28Z
Colby Parkinson,TE,15,2025,LA,DET,home,-6.00,54.50,00-0036244,30.25,7.62,3200,9.00,2.17,5.98,4.35,-1.62,2025-12-14T06:24:28Z
Cole Kmet,TE,15,2025,CHI,CLE,home,-7.50,38.50,00-0036290,23.00,3.99,2600,11.00,1.67,0.89,0.35,-0.54,2025-12-14T06:24:28Z
Josiah Deguara,TE,15,2025,ARI,HOU,away,10.50,42.50,00-0036332,16.00,0.94,2500,5.00,0.26,0.02,,,2025-12-14T06:24:28Z
Adam Trautman,TE,15,2025,DEN,GB,home,1.50,42.50,00-0036422,20.50,2.73,2500,17.00,0.94,0.01,0.52,0.51,2025-12-14T06:24:28Z
Charlie Woerner,TE,15,2025,ATL,TB,away,6.00,43.50,00-0036429,18.75,1.16,,13.00,,,,,2025-12-14T06:24:28Z
Shane Zylstra,TE,15,2025,DET,LA,away,6.00,54.50,00-0036534,24.25,2.52,2500,14.00,0.82,0.02,0.57,0.56,2025-12-14T06:24:28Z
Quintin Morris,TE,15,2025,JAX,NYJ,home,-13.50,41.50,00-0036590,27.50,0.76,2500,20.00,0.34,0.00,0.01,0.00,2025-12-14T06:24:28Z
John Bates,TE,15,2025,WAS,NYG,away,2.50,46.50,00-0036628,22.00,3.94,2900,10.00,1.19,0.20,0.29,0.09,2025-12-14T06:24:28Z
Noah Gray,TE,15,2025,KC,LAC,home,-6.00,41.50,00-0036637,23.75,3.18,2500,8.00,1.30,0.02,0.30,0.27,2025-12-14T06:24:28Z
Feleipe Franks,TE,15,2025,ATL,TB,away,6.00,43.50,00-0036825,18.75,0.43,,13.00,,,,,2025-12-14T06:24:28Z
Kylen Granson,TE,15,2025,PHI,LV,home,-12.50,38.50,00-0036876,25.50,0.57,2500,4.00,0.29,0.02,,,2025-12-14T06:24:28Z
Luke Farrell,TE,15,2025,SF,TEN,home,-12.50,44.50,00-0036887,28.50,1.97,2500,18.00,0.73,0.03,0.03,0.00,2025-12-14T06:24:28Z
Pat Freiermuth,TE,15,2025,PIT,MIA,home,-3.00,42.50,00-0036894,22.75,5.96,,28.00,,,,,2025-12-14T06:24:28Z
Kyle Pitts Sr.,TE,15,2025,ATL,TB,away,6.00,43.50,00-0036970,18.75,12.04,,13.00,,,,,2025-12-14T06:24:28Z
Hunter Long,TE,15,2025,JAX,NYJ,home,-13.50,41.50,00-0037004,27.50,1.93,2500,20.00,0.71,0.05,0.02,-0.03,2025-12-14T06:24:28Z
Tommy Tremble,TE,15,2025,CAR,NO,away,-2.50,40.50,00-0037005,21.50,3.01,2500,12.00,1.01,0.02,0.39,0.37,2025-12-14T06:24:28Z
Grant Calcaterra,TE,15,2025,PHI,LV,home,-12.50,38.50,00-0037086,25.50,0.98,2500,4.00,0.44,0.02,0.01,-0.01,2025-12-14T06:24:28Z
Jake Tonges,TE,15,2025,SF,TEN,home,-12.50,44.50,00-0037112,28.50,0.59,2500,18.00,0.32,0.00,,,2025-12-14T06:24:28Z
Greg Dulcich,TE,15,2025,MIA,PIT,away,3.00,42.50,00-0037252,19.75,3.49,,27.00,,,,,2025-12-14T06:24:28Z
Drew Ogletree,TE,15,2025,IND,SEA,away,13.50,41.50,00-0037292,14.00,0.62,2500,31.00,0.31,0.02,,,2025-12-14T06:24:28Z
John FitzPatrick,TE,15,2025,GB,DEN,away,-1.50,42.50,00-0037306,22.00,2.53,2500,22.00,0.98,0.02,0.16,0.14,2025-12-14T06:24:28Z
Stone Smartt,TE,15,2025,NYJ,JAX,away,13.50,41.50,00-0037475,14.00,1.96,2500,30.00,0.74,0.24,0.02,-0.22,2025-12-14T06:24:28Z
Trey McBride,TE,15,2025,ARI,HOU,away,10.50,42.50,00-0037744,16.00,15.84,7400,5.00,2.02,5.70,7.49,1.78,2025-12-14T06:24:28Z
Jelani Woods,TE,15,2025,NYJ,JAX,away,13.50,41.50,00-0037755,14.00,1.53,2500,30.00,0.54,0.02,,,2025-12-14T06:24:28Z
Jeremy Ruckert,TE,15,2025,NYJ,JAX,away,13.50,41.50,00-0037805,14.00,5.07,2500,30.00,1.96,1.56,1.51,-0.05,2025-12-14T06:24:28Z
Chig Okonkwo,TE,15,2025,TEN,SF,away,12.50,44.50,00-0037809,16.00,6.26,3300,24.00,1.74,1.75,1.97,0.22,2025-12-14T06:24:28Z
Isaiah Likely,TE,15,2025,BAL,CIN,away,-3.00,51.50,00-0037838,27.25,8.84,3400,32.00,2.34,7.95,5.67,-2.28,2025-12-14T06:24:28Z
Jake Ferguson,TE,15,2025,DAL,MIN,home,-5.50,47.50,00-0038041,26.50,10.82,,15.00,,,,,2025-12-14T06:24:28Z
Charlie Kolar,TE,15,2025,BAL,CIN,away,-3.00,51.50,00-0038046,27.25,2.66,2500,32.00,0.70,0.08,2.46,2.38,2025-12-14T06:24:28Z
Daniel Bellinger,TE,15,2025,NYG,WAS,home,-2.50,46.50,00-0038115,24.50,4.27,2500,28.00,1.38,0.47,1.26,0.79,2025-12-14T06:24:28Z
Luke Schoonmaker,TE,15,2025,DAL,MIN,home,-5.50,47.50,00-0038547,26.50,1.91,,15.00,,,,,2025-12-14T06:24:28Z
Darnell Washington,TE,15,2025,PIT,MIA,home,-3.00,42.50,00-0038558,22.75,5.07,,28.00,,,,,2025-12-14T06:24:28Z
Josh Whyle,TE,15,2025,GB,DEN,away,-1.50,42.50,00-0038589,22.00,2.74,2500,22.00,0.99,0.02,1.54,1.52,2025-12-14T06:24:28Z
Blake Whiteheart,TE,15,2025,CLE,CHI,away,7.50,38.50,00-0038710,15.50,2.42,2500,19.00,0.86,0.08,0.45,0.37,2025-12-14T06:24:28Z
Julian Hill,TE,15,2025,MIA,PIT,away,3.00,42.50,00-0038720,19.75,2.08,,27.00,,,,,2025-12-14T06:24:28Z
Nate Adkins,TE,15,2025,DEN,GB,home,1.50,42.50,00-0038783,20.50,1.81,2500,17.00,0.47,0.01,0.58,0.57,2025-12-14T06:24:28Z
Ben Sims,TE,15,2025,MIN,DAL,away,5.50,47.50,00-0038809,21.00,0.94,,14.00,,,,,2025-12-14T06:24:28Z
Dalton Kincaid,TE,15,2025,BUF,NE,away,-1.50,48.50,00-0038933,25.00,10.05,4500,25.00,2.11,5.68,5.61,-0.07,2025-12-14T06:24:28Z
Brenton Strange,TE,15,2025,JAX,NYJ,home,-13.50,41.50,00-0038935,27.50,10.04,4200,20.00,2.25,6.20,5.10,-1.11,2025-12-14T06:24:28Z
Elijah Higgins,TE,15,2025,ARI,HOU,away,10.50,42.50,00-0039041,16.00,3.11,2500,5.00,1.25,0.13,0.25,0.12,2025-12-14T06:24:28Z
Payne Durham,TE,15,2025,TB,ATL,home,-6.00,43.50,00-0039050,24.75,3.69,,2.00,,,,,2025-12-14T06:24:28Z
Michael Mayer,TE,15,2025,LV,PHI,away,12.50,38.50,00-0039066,13.00,4.48,2900,3.00,1.57,1.40,0.48,-0.92,2025-12-14T06:24:28Z
Davis Allen,TE,15,2025,LA,DET,home,-6.00,54.50,00-0039074,30.25,3.21,2500,9.00,1.13,0.12,0.15,0.03,2025-12-14T06:24:28Z
Luke Musgrave,TE,15,2025,GB,DEN,away,-1.50,42.50,00-0039144,22.00,4.13,2500,22.00,1.32,0.07,1.65,1.58,2025-12-14T06:24:28Z
Jack Westover,TE,15,2025,NE,BUF,home,1.50,48.50,00-0039305,23.50,0.50,4000,26.00,0.28,0.61,,,2025-12-14T06:24:28Z
Brock Bowers,TE,15,2025,LV,PHI,away,12.50,38.50,00-0039338,13.00,13.19,5900,3.00,2.09,3.68,6.03,2.36,2025-12-14T06:24:28Z
Ja'Tavion Sanders,TE,15,2025,CAR,NO,away,-2.50,40.50,00-0039356,21.50,4.39,2500,12.00,1.83,0.32,0.45,0.13,2025-12-14T06:24:28Z
Cade Stover,TE,15,2025,HOU,ARI,home,-10.50,42.50,00-0039359,26.50,2.33,2500,23.00,0.99,0.06,0.02,-0.04,2025-12-14T06:24:28Z
Brenden Bates,TE,15,2025,CLE,CHI,away,7.50,38.50,00-0039458,15.50,0.57,2500,19.00,0.53,0.02,,,2025-12-14T06:24:28Z
Brevyn Spann-Ford,TE,15,2025,DAL,MIN,home,-5.50,47.50,00-0039530,26.50,1.38,,15.00,,,,,2025-12-14T06:24:28Z
Colson Yankoff,TE,15,2025,WAS,NYG,away,2.50,46.50,00-0039686,22.00,0.39,2500,10.00,1.12,0.54,,,2025-12-14T06:24:28Z
Devin Culp,TE,15,2025,TB,ATL,home,-6.00,43.50,00-0039754,24.75,2.26,,2.00,,,,,2025-12-14T06:24:28Z
AJ Barner,TE,15,2025,SEA,IND,home,-13.50,41.50,00-0039793,27.50,8.27,3200,26.00,2.53,9.96,3.53,-6.44,2025-12-14T06:24:28Z
Theo Johnson,TE,15,2025,NYG,WAS,home,-2.50,46.50,00-0039847,24.50,9.93,3500,28.00,2.63,16.44,7.52,-8.92,2025-12-14T06:24:28Z
Ben Sinnott,TE,15,2025,WAS,NYG,away,2.50,46.50,00-0039912,22.00,3.17,2700,10.00,1.27,0.16,0.08,-0.08,2025-12-14T06:24:28Z
Jake Briningstool,TE,15,2025,KC,LAC,home,-6.00,41.50,00-0040081,23.75,1.97,2500,8.00,0.97,0.08,,,2025-12-14T06:24:28Z
Colston Loveland,TE,15,2025,CHI,CLE,home,-7.50,38.50,00-0040126,23.00,8.44,3600,11.00,2.11,2.55,4.17,1.62,2025-12-14T06:24:28Z
Tyler Warren,TE,15,2025,IND,SEA,away,13.50,41.50,00-0040128,14.00,9.68,4700,31.00,2.08,5.04,2.20,-2.84,2025-12-14T06:24:28Z
Mitchell Evans,TE,15,2025,CAR,NO,away,-2.50,40.50,00-0040187,21.50,2.37,2500,12.00,0.74,0.01,0.19,0.18,2025-12-14T06:24:28Z
Oronde Gadsden II,TE,15,2025,LAC,KC,away,6.00,41.50,00-0040189,17.75,8.68,4300,6.00,1.98,2.78,3.18,0.41,2025-12-14T06:24:28Z
Jackson Hawes,TE,15,2025,BUF,NE,away,-1.50,48.50,00-0040194,25.00,2.02,2500,25.00,0.68,0.02,1.61,1.60,2025-12-14T06:24:28Z
Carter Runyon,TE,15,2025,LV,PHI,away,12.50,38.50,00-0040488,13.00,0.54,2500,3.00,0.35,0.04,,,2025-12-14T06:24:28Z
Gunnar Helm,TE,15,2025,TEN,SF,away,12.50,44.50,00-0040584,16.00,6.14,2800,24.00,2.17,3.41,1.80,-1.61,2025-12-14T06:24:28Z
Harold Fannin Jr.,TE,15,2025,CLE,CHI,away,7.50,38.50,00-0040663,15.50,12.30,4000,19.00,2.88,17.19,8.61,-8.58,2025-12-14T06:24:28Z
Terrance Ferguson,TE,15,2025,LA,DET,home,-6.00,54.50,00-0040737,30.25,3.00,2500,9.00,1.39,0.10,0.32,0.22,2025-12-14T06:24:28Z
Elijah Arroyo,TE,15,2025,SEA,IND,home,-13.50,41.50,00-0040739,27.50,1.62,2500,26.00,0.56,0.03,0.19,0.16,2025-12-14T06:24:28Z
ARI,DST,15,2025,ARI,HOU,away,10.50,42.50,ARI,16.00,4.30,2400,13.00,1.94,2.11,2.75,0.64,2025-12-14T06:24:28Z
ATL,DST,15,2025,ATL,TB,away,6.00,43.50,ATL,18.75,4.60,,14.00,,,,,2025-12-14T06:24:28Z
BAL,DST,15,2025,BAL,CIN,away,-3.00,51.50,BAL,27.25,4.90,3200,27.00,1.86,2.91,1.54,-1.37,2025-12-14T06:24:28Z
BUF,DST,15,2025,BUF,NE,away,-1.50,48.50,BUF,25.00,5.70,2900,14.00,1.84,4.01,5.63,1.62,2025-12-14T06:24:28Z
CAR,DST,15,2025,CAR,NO,away,-2.50,40.50,CAR,21.50,5.00,3100,28.00,1.77,4.99,1.88,-3.11,2025-12-14T06:24:28Z
CHI,DST,15,2025,CHI,CLE,home,-7.50,38.50,CHI,23.00,7.80,3500,29.00,2.11,6.66,9.72,3.06,2025-12-14T06:24:28Z
CIN,DST,15,2025,CIN,BAL,home,3.00,51.50,CIN,24.25,5.10,2400,18.00,2.31,2.87,4.47,1.60,2025-12-14T06:24:28Z
CLE,DST,15,2025,CLE,CHI,away,7.50,38.50,CLE,15.50,4.40,2700,7.00,1.93,10.66,2.32,-8.34,2025-12-14T06:24:28Z
DAL,DST,15,2025,DAL,MIN,home,-5.50,47.50,DAL,26.50,7.20,,32.00,,,,,2025-12-14T06:24:28Z
DEN,DST,15,2025,DEN,GB,home,1.50,42.50,DEN,20.50,4.30,3400,3.00,1.66,2.72,0.68,-2.04,2025-12-14T06:24:28Z
DET,DST,15,2025,DET,LA,away,6.00,54.50,DET,24.25,0.90,2600,5.00,1.13,3.34,,,2025-12-14T06:24:28Z
GB,DST,15,2025,GB,DEN,away,-1.50,42.50,GB,22.00,3.90,2800,6.00,1.77,3.36,0.74,-2.62,2025-12-14T06:24:28Z
HOU,DST,15,2025,HOU,ARI,home,-10.50,42.50,HOU,26.50,8.30,3600,25.00,2.26,7.64,9.86,2.22,2025-12-14T06:24:28Z
IND,DST,15,2025,IND,SEA,away,13.50,41.50,IND,14.00,4.20,2200,17.00,2.09,2.86,3.39,0.53,2025-12-14T06:24:28Z
JAX,DST,15,2025,JAX,NYJ,home,-13.50,41.50,JAX,27.50,8.10,3900,24.00,1.94,6.00,7.56,1.56,2025-12-14T06:24:28Z
KC,DST,15,2025,KC,LAC,home,-6.00,41.50,KC,23.75,7.80,3300,26.00,2.39,7.13,8.85,1.72,2025-12-14T06:24:28Z
LA,DST,15,2025,LA,DET,home,-6.00,54.50,LA,30.25,4.50,3000,1.00,1.75,3.64,1.47,-2.17,2025-12-14T06:24:28Z
LAC,DST,15,2025,LAC,KC,away,6.00,41.50,LAC,17.75,4.50,2500,8.00,2.30,5.15,1.81,-3.34,2025-12-14T06:24:28Z
LV,DST,15,2025,LV,PHI,away,12.50,38.50,LV,13.00,3.70,2000,10.00,2.18,5.13,2.77,-2.36,2025-12-14T06:24:28Z
MIA,DST,15,2025,MIA,PIT,away,3.00,42.50,MIA,19.75,4.70,,12.00,,,,,2025-12-14T06:24:28Z
MIN,DST,15,2025,MIN,DAL,away,5.50,47.50,MIN,21.00,5.70,,4.00,,,,,2025-12-14T06:24:28Z
NE,DST,15,2025,NE,BUF,home,1.50,48.50,NE,23.50,5.10,2800,9.00,1.98,2.83,2.80,-0.03,2025-12-14T06:24:28Z
NO,DST,15,2025,NO,CAR,home,2.50,40.50,NO,19.00,4.20,2500,23.00,2.04,6.71,1.64,-5.07,2025-12-14T06:24:28Z
NYG,DST,15,2025,NYG,WAS,home,-2.50,46.50,NYG,24.50,5.70,2700,20.00,2.17,3.64,5.23,1.59,2025-12-14T06:24:28Z
NYJ,DST,15,2025,NYJ,JAX,away,13.50,41.50,NYJ,14.00,1.10,2100,14.00,1.93,2.91,,,2025-12-14T06:24:28Z
PHI,DST,15,2025,PHI,LV,home,-12.50,38.50,PHI,25.50,7.90,3800,31.00,1.96,5.51,7.66,2.15,2025-12-14T06:24:28Z
PIT,DST,15,2025,PIT,MIA,home,-3.00,42.50,PIT,22.75,5.60,,22.00,,,,,2025-12-14T06:24:28Z
SEA,DST,15,2025,SEA,IND,home,-13.50,41.50,SEA,27.50,7.60,3700,2.00,1.97,6.67,7.87,1.20,2025-12-14T06:24:28Z
SF,DST,15,2025,SF,TEN,home,-12.50,44.50,SF,28.50,7.50,4000,30.00,1.69,5.73,6.85,1.12,2025-12-14T06:24:28Z
TB,DST,15,2025,TB,ATL,home,-6.00,43.50,TB,24.75,7.20,,21.00,,,,,2025-12-14T06:24:28Z
TEN,DST,15,2025,TEN,SF,away,12.50,44.50,TEN,16.00,0.70,2300,11.00,1.24,1.98,,,2025-12-14T06:24:28Z
WAS,DST,15,2025,WAS,NYG,away,2.50,46.50,WAS,22.00,4.80,2600,19.00,2.08,4.18,2.51,-1.67,2025-12-14T06:24:28Z
Matt Prater,K,15,2025,BUF,NE,away,-1.50,48.50,00-0023853,25.00,7.50,,4.00,,,,,2025-12-14T06:24:28Z
Nick Folk,K,15,2025,NYJ,JAX,away,13.50,41.50,00-0025565,14.00,5.90,,2.00,,,,,2025-12-14T06:24:28Z
Brandon McManus,K,15,2025,GB,DEN,away,-1.50,42.50,00-0029822,22.00,7.30,,17.00,,,,,2025-12-14T06:24:28Z
Chris Boswell,K,15,2025,PIT,MIA,home,-3.00,42.50,00-0031136,22.75,7.70,,10.00,,,,,2025-12-14T06:24:28Z
Cairo Santos,K,15,2025,CHI,CLE,home,-7.50,38.50,00-0031203,23.00,7.60,,17.00,,,,,2025-12-14T06:24:28Z
Jason Myers,K,15,2025,SEA,IND,home,-13.50,41.50,00-0031492,27.50,8.40,,15.00,,,,,2025-12-14T06:24:28Z
Wil Lutz,K,15,2025,DEN,GB,home,1.50,42.50,00-0032569,20.50,7.40,,9.00,,,,,2025-12-14T06:24:28Z
Ka'imi Fairbairn,K,15,2025,HOU,ARI,home,-10.50,42.50,00-0032726,26.50,8.50,,29.00,,,,,2025-12-14T06:24:28Z
Harrison Butker,K,15,2025,KC,LAC,home,-6.00,41.50,00-0033303,23.75,7.80,,13.00,,,,,2025-12-14T06:24:28Z
Younghoe Koo,K,15,2025,NYG,WAS,home,-2.50,46.50,00-0033702,24.50,7.30,,25.00,,,,,2025-12-14T06:24:28Z
Jake Elliott,K,15,2025,PHI,LV,home,-12.50,38.50,00-0033787,25.50,7.70,,19.00,,,,,2025-12-14T06:24:28Z
Zane Gonzalez,K,15,2025,ATL,TB,away,6.00,43.50,00-0033862,18.75,7.00,,12.00,,,,,2025-12-14T06:24:28Z
Daniel Carlson,K,15,2025,LV,PHI,away,12.50,38.50,00-0034161,13.00,5.70,,28.00,,,,,2025-12-14T06:24:28Z
Eddy Pineiro,K,15,2025,SF,TEN,home,-12.50,44.50,00-0034173,28.50,8.80,,19.00,,,,,2025-12-14T06:24:28Z
Joey Slye,K,15,2025,TEN,SF,away,12.50,44.50,00-0035192,16.00,6.30,,3.00,,,,,2025-12-14T06:24:28Z
Chase McLaughlin,K,15,2025,TB,ATL,home,-6.00,43.50,00-0035358,24.75,7.90,,23.00,,,,,2025-12-14T06:24:28Z
Riley Patterson,K,15,2025,MIA,PIT,away,3.00,42.50,00-0036816,19.75,7.10,,25.00,,,,,2025-12-14T06:24:28Z
Evan McPherson,K,15,2025,CIN,BAL,home,3.00,51.50,00-0036854,24.25,7.80,,31.00,,,,,2025-12-14T06:24:28Z
Cameron Dicker,K,15,2025,LAC,KC,away,6.00,41.50,00-0037224,17.75,7.20,,11.00,,,,,2025-12-14T06:24:28Z
Brandon Aubrey,K,15,2025,DAL,MIN,home,-5.50,47.50,00-0037692,26.50,9.20,,30.00,,,,,2025-12-14T06:24:28Z
Andre Szmyt,K,15,2025,CLE,CHI,away,7.50,38.50,00-0038428,15.50,5.80,,6.00,,,,,2025-12-14T06:24:28Z
Jake Moody,K,15,2025,WAS,NYG,away,2.50,46.50,00-0038562,22.00,7.10,,24.00,,,,,2025-12-14T06:24:28Z
Chad Ryland,K,15,2025,ARI,HOU,away,10.50,42.50,00-0038567,16.00,6.10,,1.00,,,,,2025-12-14T06:24:28Z
Blake Grupe,K,15,2025,IND,SEA,away,13.50,41.50,00-0038905,14.00,5.70,,5.00,,,,,2025-12-14T06:24:28Z
Jake Bates,K,15,2025,DET,LA,away,6.00,54.50,00-0039172,24.25,7.80,,8.00,,,,,2025-12-14T06:24:28Z
Charlie Smyth,K,15,2025,NO,CAR,home,2.50,40.50,00-0039229,19.00,6.60,,16.00,,,,,2025-12-14T06:24:28Z
Will Reichard,K,15,2025,MIN,DAL,away,5.50,47.50,00-0039404,21.00,7.10,,21.00,,,,,2025-12-14T06:24:28Z
Cam Little,K,15,2025,JAX,NYJ,home,-13.50,41.50,00-0039409,27.50,8.50,,32.00,,,,,2025-12-14T06:24:28Z
Harrison Mevis,K,15,2025,LA,DET,home,-6.00,54.50,00-0039498,30.25,7.80,,14.00,,,,,2025-12-14T06:24:28Z
Tyler Loop,K,15,2025,BAL,CIN,away,-3.00,51.50,00-0040074,27.25,7.70,,21.00,,,,,2025-12-14T06:24:28Z
Andy Borregales,K,15,2025,NE,BUF,home,1.50,48.50,00-0040200,23.50,7.20,,7.00,,,,,2025-12-14T06:24:28Z
Ryan Fitzgerald,K,15,2025,CAR,NO,away,-2.50,40.50,00-0040279,21.50,6.90,,25.00,,,,,2025-12-14T06:24:28Z
